USE DBSUPPORTAISTUDENTS
GO
INSERT INTO ChuongTrinhDaoTao (MaCTDT, TenNganh, TenChuyenNganh, KhoaApDung, TongTinChi)
VALUES ('7480201' , N'Khoa học máy tính', N'Chuyên Ngành Công Nghệ Phần Mềm', 'K26', 134);

INSERT INTO HocPhan (MaHP,TenHP,TongTC, SoTC_LT, SoTC_TH_TN,SOTC_ThucTap,SOTC_DAMH,SOTC_KLTN,LoaiKienThuc)
VALUES ('POL105', N'Triết học Mac - Lênin',3,3,0,0,0,0,N'Lý luận chính trị và pháp luật'),
('POL106', N'Kinh tế chính trị',2,2,0,0,0,0,N'Lý luận chính trị và pháp luật'),
('POL107', N'Chủ nghĩa xã hội khoa học',2,2,0,0,0,0,N'Lý luận chính trị và pháp luật'),
('POL108', N'Tư tưởng Hồ Chí Minh',2,2,0,0,0,0,N'Lý luận chính trị và pháp luật'),
('POL109', N'Lịch sử Đảng Cộng Sản Việt Nam',2,3,0,0,0,0,N'Lý luận chính trị và pháp luật'),
('LAW101', N'Pháp luật đại cương',3,3,0,0,0,0,N'Lý luận chính trị và pháp luật'),
('NAS101', N'Môi trường và con người',3,0,0,0,0,0,N'Khoa học tự nhiên, môi trường'),
('NAS202', N'Toán cao cấp',3,3,0,0,0,0,N'Khoa học tự nhiên, môi trường'),
('NAS204', N'Vật lý đại cương',3,3,0,0,0,0,N'Khoa học tự nhiên, môi trường'),
('NAS203', N'Thống kê ứng dụng',3,3,0,0,0,0,N'Khoa học tự nhiên, môi trường'),
('BUS101', N'Tinh thần khởi nghiệp',3,3,0,0,0,0,N'Kinh tế quản lý và quản trị đại cương'),
('BUS102', N'Quản trị sự thay đổi',3,3,0,0,0,0,N'Kinh tế quản lý và quản trị đại cương'),
('SOS102', N'Văn hiến Việt Nam',3,3,0,0,0,0,N'Kinh tế quản lý và quản trị đại cương'),
('SKL101', N'Phương pháp học đại học',3,3,0,0,0,0,N'Tố chất cá nhân chung'),
('ENG201', N'Tiếng Anh giao tiếp 1',3,3,0,0,0,0,N'Giáo dục đại cương'),
('SKL202', N'Kỹ năng hành chính văn phòng',3,3,0,0,0,0,N'Giáo dục đại cương'),
('ENG202', N'Tiếng Anh giao tiếp 2',3,3,0,0,0,0,N'Giáo dục đại cương'),
('VIE201', N'Kỹ năng sử dụng tiếng Việt',3,3,0,0,0,0,N'Giáo dục đại cương'),
('MAN201', N'Quản trị học',3,3,0,0,0,0,N'Giáo dục đại cương'),
('SOS206', N'Mỹ học đại cương',3,3,0,0,0,0,N'Giáo dục đại cương'),
('SOS205', N'Giao tiếp đa văn hóa',3,3,0,0,0,0,N'Giáo dục đại cương'),
('MAR201', N'Marketing căn bản',3,3,0,0,0,0,N'Giáo dục đại cương'),
('INT306', N'Nhập môn ngành',2,2,0,0,0,0,N'Cơ sở ngành'),
('INT310', N'Trải nghiệm ngành, nghề',1,0,0,1,0,0,N'Cơ sở ngành'),
('INT4401', N'Mạng máy tính',3,2,1,0,0,0,N'Cơ sở ngành'),
('INT304', N'Kiến trúc máy tính',2,2,0,0,0,0,N'Cơ sở ngành'),
('INT323', N'Cơ sở dữ liệu',4,3,1,0,0,0,N'Cơ sở ngành'),
('INT4403', N'Hệ điều hành Linux',3,2,1,0,0,0,N'Cơ sở ngành'),
('INT322', N'Lập trình Java cơ bản',3,2,1,0,0,0,N'Cơ sở ngành'),
('ELE326', N'Linh kiện điện tử',3,2,1,0,0,0,N'Cơ sở ngành'),
('INT416', N'Hệ điều hành',2,2,0,0,0,0,N'Chuyên ngành'),
('INT324', N'Lập trình C++',3,2,1,0,0,0,N'Chuyên ngành'),
('INT4404', N'Lập trình C++ nâng cao',3,2,1,0,0,0,N'Chuyên ngành'),
('INT321', N'Cấu trúc dữ liệu và giải thuật',3,2,1,0,0,0,N'Chuyên ngành'),
('NAS306', N'Toán rời rạc và lý thuyết đồ thị',2,2,0,0,0,0,N'Chuyên ngành'),
('INT4406', N'Lập trình hướng đối tượng',3,2,1,0,0,0,N'Chuyên ngành'),
('INT4407', N'Lập trình web cơ bản',3,2,1,0,0,0,N'Chuyên ngành'),
('INT4405', N'Hệ quản trị Cơ sở dữ liệu',3,2,1,0,0,0,N'Chuyên ngành'),
('INT4271', N'Phân tích thiết kế hệ thống',5,3,2,0,0,0,N'Chuyên ngành'),
('INT4121', N'Cơ sở Trí tuệ nhân tạo',3,2,1,0,0,0,N'Chuyên ngành'),
('INT4419', N'Lập trình Windows',3,2,1,0,0,0,N'Chuyên ngành'),
('INT4211', N'Lập trình trên các thiết bị di động',4,2,2,0,0,0,N'Chuyên ngành'),
('INT4241', N'Lập trình Web nâng cao',3,2,1,0,0,0,N'Chuyên ngành'),
('INT4661', N'Công nghệ phần mềm',3,2,1,0,0,0,N'Chuyên ngành'),
('INT4741', N'Kiểm thử phần mềm',3,2,1,0,0,0,N'Chuyên ngành'),
('INT4721', N'Phát triển mã nguồn mỡ',3,2,1,0,0,0,N'Chuyên ngành'),
('INT4771', N'Quản lý dự án phát triển phần mềm',3,2,1,0,0,0,N'Chuyên ngành'),
('INT582', N'Thực tập tốt nghiệp Khoa học máy tính',5,0,0,5,0,0,N'Kiến thức tốt nghiệp'),
('INT513', N'Chuyên đề 1: Khai thác hệ Cơ sở dữ liệu',6,0,0,0,6,0,N'Chuyên đề thay thế khóa luận tốt nghiệp'),
('INT517', N'Chuyên đề 2: Xây dựng phát triển  phần mềm (Web/App/Mobile)',6,0,0,0,6,0,N'Chuyên đề thay thế khóa luận tốt nghiệp'),
('INT588', N'Khóa luận tốt nghiệp Khoa Học Máy Tính',12,0,0,0,0,12,N'Chuyên đề thay thế khóa luận tốt nghiệp'),
('DEE104', N'Giáo dục quốc phòng',8,0,0,0,0,0,N'Học phần không tích lũy'),
('PHT106', N'GDTC1- Võ thuật sơ cấp',1,0,1,0,0,0,N'Học phần tích lũy'),
('PHT120', N'GDTC1- Bóng đá sơ cấp',1,0,1,0,0,0,N'Học phần tích lũy'),
('PHT121', N'GDTC1- Bóng chuyền sơ cấp',1,0,1,0,0,0,N'Học phần tích lũy'),
('PHT122', N'GDTC1- Bóng rỗ sơ cấp',1,0,1,0,0,0,N'Học phần tích lũy'),
('PHT123', N'GDTC1- Bơi lội sơ cấp',1,0,1,0,0,0,N'Học phần tích lũy'),
('PHT124', N'GDTC1- Gym(Thể hình) sơ cấp',1,0,1,0,0,0,N'Học phần tích lũy'),
('PHT125', N'GDTC1- Cờ vua sơ cấp',1,0,1,0,0,0,N'Học phần tích lũy'),

('PHT119', N'GDTC2- Võ thuật cơ bản',1,0,1,0,0,0,N'Học phần tích lũy'),
('PHT107', N'GDTC2- Bóng đá cơ bản',1,0,1,0,0,0,N'Học phần tích lũy'),
('PHT108', N'GDTC2- Bóng chuyền cơ bản',1,0,1,0,0,0,N'Học phần tích lũy'),
('PHT109', N'GDTC2- Bóng rỗ cơ bản',1,0,1,0,0,0,N'Học phần tích lũy'),
('PHT110', N'GDTC2- Bơi lội cơ bản',1,0,1,0,0,0,N'Học phần tích lũy'),
('PHT111', N'GDTC2- Gym(Thể hình) cơ bản',1,0,1,0,0,0,N'Học phần tích lũy'),
('PHT112', N'GDTC2- Cờ vua cơ bản',1,0,1,0,0,0,N'Học phần tích lũy'),

('PHT126', N'GDTC3- Võ thuật nâng cao',1,0,1,0,0,0,N'Học phần tích lũy'),
('PHT113', N'GDTC3- Bóng đá nâng cao',1,0,1,0,0,0,N'Học phần tích lũy'),
('PHT114', N'GDTC3- Bóng chuyền nâng cao',1,0,1,0,0,0,N'Học phần tích lũy'),
('PHT115', N'GDTC3- Bóng rỗ nâng cao',1,0,1,0,0,0,N'Học phần tích lũy'),
('PHT116', N'GDTC3- Bơi lội nâng cao',1,0,1,0,0,0,N'Học phần tích lũy'),
('PHT117', N'GDTC3- Gym(Thể hình) nâng cao',1,0,1,0,0,0,N'Học phần tích lũy'),
('PHT118', N'GDTC3- Cờ vua nâng cao',1,0,1,0,0,0,N'Học phần tích lũy'),
('MCA035', N'kỹ năng khám phá bản thân',0,0,0,0,0,0,N'Kỹ năng mềm'),
('MCA038', N'kỹ năng làm việc nhóm hiệu quả',0,0,0,0,0,0,N'Kỹ năng mềm'),
('MCA039', N'kỹ năng thuyết trình',0,0,0,0,0,0,N'Kỹ năng mềm'), 
('MCA036', N'kỹ năng xây dựng mục tiêu và tạo động lực cho bản thân',0,0,0,0,0,0,N'Kỹ năng mềm'),
('MCA037', N'Kỹ năng tư duy sáng tạo',0,0,0,0,0,0,N'Kỹ năng mềm'),
('MCA040', N'kỹ năng giải quyết vấn đề - Ra quyết định',0,0,0,0,0,0,N'Kỹ năng mềm'),
('MCA041', N'kỹ năng lãnh đạo',0,0,0,0,0,0,N'Kỹ năng mềm'),
('MCA042', N'kỹ năng tìm việc và chinh phục nhà tuyển dụng',0,0,0,0,0,0,N'Kỹ năng mềm');
select * from HocPhan;



INSERT INTO CTDTChi_Tiet(MaCTDT,MaHP,HocKyGoiY,LoaiMonCTDT)
VALUES('7480201','BUS101',1,N'Bắt buộc'),
('7480201','INT306',1,N'Bắt buộc'),
('7480201','INT310',1,N'Bắt buộc'),
('7480201','LAW101',1,N'Bắt buộc'),
('7480201','MCA035',1,N'Bắt buộc'),
('7480201','SKL101',1,N'Bắt buộc'),
('7480201','NAS202',2,N'Bắt buộc'),
('7480201','POL105',2,N'Bắt buộc'),
('7480201','MCA038',2,N'Bắt buộc'),
('7480201','MCA039',2,N'Bắt buộc'),
('7480201','DEE104',2,N'Bắt buộc'),
('7480201','INT322',2,N'Bắt buộc'),
('7480201','INT304',2,N'Bắt buộc'),
('7480201','SKL202',2,N'Tự chọn-Kiến thức GDĐC 1(Chọn 3/6 tín chỉ)'),
('7480201','ENG201',2,N'Tự chọn-Kiến thức GDĐC 1(Chọn 3/6 tín chỉ)'),
('7480201','PHT120',2,N'Tự chọn-Giao dục thể chất 1(Chọn 1/7 tín chỉ)'),
('7480201','PHT121',2,N'Tự chọn-Giao dục thể chất 1(Chọn 1/7 tín chỉ)'),
('7480201','PHT122',2,N'Tự chọn-Giao dục thể chất 1(Chọn 1/7 tín chỉ)'),
('7480201','PHT123',2,N'Tự chọn-Giao dục thể chất 1(Chọn 1/7 tín chỉ)'),
('7480201','PHT124',2,N'Tự chọn-Giao dục thể chất 1(Chọn 1/7 tín chỉ)'),
('7480201','PHT125',2,N'Tự chọn-Giao dục thể chất 1(Chọn 1/7 tín chỉ)'),
('7480201','PHT106',2,N'Tự chọn-Giao dục thể chất 1(Chọn 1/7 tín chỉ)'),
('7480201','BUS102',3,N'Bắt buộc'),
('7480201','INT321',3,N'Bắt buộc'),
('7480201','INT416',3,N'Bắt buộc'),
('7480201','INT4401',3,N'Bắt buộc'),
('7480201','POL106',3,N'Bắt buộc'),
('7480201','MCA036',3,N'Bắt buộc'),
('7480201','NAS204',3,N'Bắt buộc'),
('7480201','NAS306',3,N'Bắt buộc'),
('7480201','ENG202',3,N'Tự chọn-Kiến thức GDĐC 2(Chọn 3/6 tín chỉ)'),
('7480201','VIE201',3,N'Tự chọn-Kiến thức GDĐC 2(Chọn 3/6 tín chỉ)'),
('7480201','PHT107',3,N'Tự chọn-Giao dục thể chất 2(Chọn 1/7 tín chỉ)'),
('7480201','PHT108',3,N'Tự chọn-Giao dục thể chất 2(Chọn 1/7 tín chỉ)'),
('7480201','PHT109',3,N'Tự chọn-Giao dục thể chất 2(Chọn 1/7 tín chỉ)'),
('7480201','PHT110',3,N'Tự chọn-Giao dục thể chất 2(Chọn 1/7 tín chỉ)'),
('7480201','PHT111',3,N'Tự chọn-Giao dục thể chất 2(Chọn 1/7 tín chỉ)'),
('7480201','PHT112',3,N'Tự chọn-Giao dục thể chất 2(Chọn 1/7 tín chỉ)'),
('7480201','PHT119',3,N'Tự chọn-Giao dục thể chất 2(Chọn 1/7 tín chỉ)'),
('7480201','MCA037',4,N'Bắt buộc'),
('7480201','POL107',4,N'Bắt buộc'),
('7480201','MCA040',4,N'Bắt buộc'),
('7480201','INT4403',4,N'Bắt buộc'),
('7480201','ELE326',4,N'Bắt buộc'),
('7480201','INT323',4,N'Bắt buộc'),
('7480201','INT324',4,N'Bắt buộc'),
('7480201','SOS206',4,N'Tự chọn-Kiến thức GDĐC 3(Chọn 3/6 tín chỉ)'),
('7480201','MAN201',4,N'Tự chọn-Kiến thức GDĐC 3(Chọn 3/6 tín chỉ)'),
('7480201','PHT126',4,N'Tự chọn-Giao dục thể chất 3(Chọn 1/7 tín chỉ)'),
('7480201','PHT113',4,N'Tự chọn-Giao dục thể chất 3(Chọn 1/7 tín chỉ)'),
('7480201','PHT114',4,N'Tự chọn-Giao dục thể chất 3(Chọn 1/7 tín chỉ)'),
('7480201','PHT115',4,N'Tự chọn-Giao dục thể chất 3(Chọn 1/7 tín chỉ)'),
('7480201','PHT116',4,N'Tự chọn-Giao dục thể chất 3(Chọn 1/7 tín chỉ)'),
('7480201','PHT117',4,N'Tự chọn-Giao dục thể chất 3(Chọn 1/7 tín chỉ)'),
('7480201','PHT118',4,N'Tự chọn-Giao dục thể chất 3(Chọn 1/7 tín chỉ)'),
('7480201','INT4404',5,N'Bắt buộc'),
('7480201','INT4406',5,N'Bắt buộc'),
('7480201','INT4407',5,N'Bắt buộc'),
('7480201','INT4405',5,N'Bắt buộc'),
('7480201','MCA041',5,N'Bắt buộc'),
('7480201','POL108',5,N'Bắt buộc'),
('7480201','MAR201',5,N'Tự chọn-Kiến thức GDĐC 4(Chọn 3/6 tín chỉ)'),
('7480201','SOS205',5,N'Tự chọn-Kiến thức GDĐC 4(Chọn 3/6 tín chỉ)'),
('7480201','MCA042',6,N'Bắt buộc'),
('7480201','NAS101',6,N'Bắt buộc'),
('7480201','NAS203',6,N'Bắt buộc'),
('7480201','INT4271',6,N'Bắt buộc'),
('7480201','INT4121',6,N'Bắt buộc'),
('7480201','INT4661',6,N'Cộng học phần bắt buộc'),
('7480201','INT4741',6,N'Cộng học phần bắt buộc'),
('7480201','POL109',7,N'Bắt buộc'),
('7480201','SOS102',7,N'Bắt buộc'),
('7480201','INT4771',7,N'Cộng học phần bắt buộc'),
('7480201','INT4419',7,N'Cộng học phần bắt buộc'),
('7480201','INT4211',7,N'Cộng học phần bắt buộc'),
('7480201','INT4241',7,N'Cộng học phần bắt buộc'),
('7480201','INT582',8,N'Bắt buộc'),
('7480201','INT513',8,N'Tự chọn - Chuyên đề thay thế KLTN(12 tín chỉ'),
('7480201','INT517',8,N'Tự chọn - Chuyên đề thay thế KLTN(12 tín chỉ'),
('7480201','INT588',8,N'Tự chọn - Chuyên đề thay thế KLTN(12 tín chỉ');

SELECT * FROM CTDTChi_Tiet;

INSERT INTO TienQuyet(Ma_HP_Sau,Ma_HP_Truoc)
VALUES('POL106','POL105'),
('POL107','POL106'),
('POL108','POL107'),
('POL109','POL108'),
('ENG202','ENG201'),
('INT4401','INT416'),
('INT4403','INT416'),
('INT416','INT304'),
('INT4404','INT324'),
('INT321','INT324'),
('INT4406','INT324'),
('INT4407','INT324'),
('INT4407','INT323'),
('INT4405','INT323'),
('INT4271','INT324'),
('INT4271','INT323'),
('INT4121','INT321'),
('INT4419','INT324'),
('INT4419','INT323'),
('INT4211','INT324'),
('INT4211','INT323'),
('INT4241','INT4407'),
('INT4661','INT324'),
('INT4661','INT323'),
('INT4741','INT324'),
('INT4741','INT323'),
('INT4771','INT324'),
('INT4771','INT323'),
('INT4721','INT324'),
('INT4721','INT323');

INSERT INTO SinhVien(MaSV,KhoaTuyenSinh,ChuyenNganh,GioiTinh,Lop,NamHoc,TrangThai,MaCTDT)
VALUES('231A010696',N'Khóa 26',N'Công Nghệ Phần Mềm','Nam','231A2903',2023,N'Đang Học','7480201');

INSERT INTO KetQuaHocTap (IDKetQua, MaSV, MaHP, HocKyNamHoc, ThangDiem10, ThangDiem4, DiemChu, SoLanHoc) VALUES
(1, '231A010696', 'BUS101', 'HK01/2023-2024', 9.0, 4.0, 'A', 1),
(2, '231A010696', 'INT306', 'HK01/2023-2024', 8.2, 3.5, 'B+', 1),
(3, '231A010696', 'INT310', 'HK01/2023-2024', 9.5, 4.0, 'A', 1),
(4, '231A010696', 'LAW101', 'HK01/2023-2024', 7.0, 3.0, 'B', 1),
(5, '231A010696', 'POL105', 'HK01/2023-2024', 6.0, 2.0, 'C', 1),
(6, '231A010696', 'INT304', 'HK01/2023-2024', 5.2, 1.5, 'D+', 1),
(7, '231A010696', 'MCA035', 'HK01/2023-2024', 8.0, 3.5, 'B+', 1),
(8, '231A010696', 'NAS202', 'HK01/2023-2024', 6.2, 2.0, 'C', 1),
(9, '231A010696', 'PHT120', 'HK01/2023-2024', 9.0, 4.0, 'A', 1),
(10, '231A010696', 'POL107', 'HK01/2023-2024', 5.4, 1.5, 'D+', 1),
(11, '231A010696', 'DEE104', 'HK01/2023-2024', 6.6, 2.5, 'C+', 1),
(12, '231A010696', 'PHT107', 'HK01/2023-2024', 10.0, 4.0, 'A', 1),
(13, '231A010696', 'SKL101', 'HK01/2023-2024', 8.3, 3.5, 'B+', 1),
(14, '231A010696', 'SKL202', 'HK01/2023-2024', 8.1, 3.5, 'B+', 1),
(15, '231A010696', 'INT324', 'HK02/2023-2024', 7.9, 3.5, 'B+', 1),
(16, '231A010696', 'INT416', 'HK02/2023-2024', 9.7, 4.0, 'A', 1),
(17, '231A010696', 'NAS101', 'HK02/2023-2024', 8.3, 3.5, 'B+', 1),
(18, '231A010696', 'PHT113', 'HK02/2023-2024', 10.0, 4.0, 'A', 1),
(19, '231A010696', 'POL106', 'HK02/2023-2024', 7.3, 3.0, 'B', 1),
(20, '231A010696', 'ELE326', 'HK02/2023-2024', 8.6, 4.0, 'A', 1),
(21, '231A010696', 'INT322', 'HK02/2023-2024', 6.9, 2.5, 'C+', 1),
(22, '231A010696', 'INT323', 'HK02/2023-2024', 8.2, 3.5, 'B+', 1),
(23, '231A010696', 'INT4403', 'HK02/2023-2024', 6.4, 2.5, 'C+', 1),
(24, '231A010696', 'NAS204', 'HK02/2023-2024', 6.1, 2.0, 'C', 1),
(25, '231A010696', 'MAN201', 'HK02/2023-2024', 8.7, 4.0, 'A', 1),
(26, '231A010696', 'VIE201', 'HK02/2023-2024', 8.8, 4.0, 'A', 1),
(27, '231A010696', 'MCA038', 'HK01/2024-2025', 8.2, 3.5, 'B+', 1),
(28, '231A010696', 'MCA039', 'HK01/2024-2025', 8.6, 4.0, 'A', 1);

SELECT * FROM ChuongTrinhDaoTao ;

 INSERT INTO ThanhTich(MaSV,HocKyNamHoc,TongTCHocKy,GPAHocKYHe4,GPAHocKYHe10,TongTCTichLuy,GPATichLuyHe10,GPATichLuyHe4,SoMonRoT)VALUES
 ('231A010696','HKY1-(2023-2024)',12,3.17,7.66,12,7.66,3.17,0),
 ('231A010696','HKY2-(2023-2024)',7,1.71,5.68,19,6.93,2.63,0),
 ('231A010696','HKY3-(2023-2024)',6,3.50,8.20,25,7.24,2.84,0),
 ('231A010696','HKY1-(2024-2025)',13,3.24,8.0,35,7.53,3.03,0),
 ('231A010696','HKY2-(2024-2025)',29,2.97,7.31,51,7.46,3.0,0),
 ('231A010696','HKY3-(2024-2025)',6,4.0,8.75,57,7.59,3.11,0);
 select * from ThanhTich;



 
        